PassengerId,age,salary,department,years_at_company,performance_score,promoted
1001,39,80990.33154879004,Marketing,11,8.864874599689166,1
1002,33,73869.50524369153,Marketing,0,1.116165051828928,0
1003,41,60894.45554880261,Marketing,3,3.040215868674313,0
1004,50,50295.94833441639,Sales,10,6.102035166245824,0
1005,32,70473.34970420385,Finance,5,,0
1006,32,65902.28078132625,Finance,9,6.4933974578649485,0
1007,50,73427.89830041598,HR,5,1.2169917406780013,0
1008,42,69527.57702522955,Finance,5,2.048130374335413,0
1009,30,75743.29072979002,Finance,2,2.143866161965953,0
1010,40,51971.47182659148,Marketing,3,2.7035528132440847,0
1011,30,79760.91098451489,Marketing,9,5.133982967204885,0
1012,30,62963.994070386,HR,6,7.769158295892141,1
1013,37,91128.91308937898,IT,11,9.14984954136011,1
1014,-999,49662.18272865648,HR,12,8.518352772558215,1
1015,17,86039.45704747873,HR,8,2.771990845981152,0
1016,29,62968.66175193972,Sales,11,4.970354970075691,0
1017,24,50228.72994578327,Sales,4,2.794704379826815,0
1018,38,52741.71248918518,HR,6,3.380246350004717,0
1019,25,55194.7903770852,HR,10,5.531922833606975,0
1020,20,66362.48919602875,HR,5,1.6129812225117028,0
1021,49,67842.5323205325,Finance,8,2.9635689663394587,0
1022,32,51394.49994092131,Sales,2,9.418403451764055,0
1023,35,59634.68111608526,HR,8,5.195046633926401,0
1024,20,92134.05537917795,Marketing,12,5.00847873380085,0
1025,29,85913.14755151067,Marketing,13,1.13110439276151,0
1026,36,66544.85504511048,Finance,10,3.2265977235251118,0
1027,23,60570.05217252301,?,11,8.796631923839632,1
1028,38,61800.46990077392,IT,8,2.481655854328019,0
1029,28,69202.76959095625,IT,8,,0
1030,-999,44658.111522023915,IT,2,1.1289781528030112,0
1031,28,56139.35193864982,Finance,6,5.305019335035002,0
1032,53,34971.238891836154,?,6,1.1891899605359544,0
1033,34,65988.34683907918,Finance,14,8.3764859775922,1
1034,24,69707.93909554112,Marketing,6,,0
1035,43,52752.20306550939,Finance,8,8.08967969472133,1
1036,22,83609.80144935049,Marketing,7,3.550276620020064,0
1037,37,41613.51505496488,IT,9,8.535134963996363,1
1038,15,38034.376796852695,IT,11,5.886983193447424,0
1039,21,63366.77727839958,IT,3,,0
1040,36,75706.47453918232,HR,7,,0
1041,42,85258.91537186803,HR,12,1.111069414543366,0
1042,36,53116.7360569659,Sales,6,2.2866478984067693,0
1043,33,76180.21250146943,Sales,4,7.680641843532365,1
1044,31,59422.372957489395,Sales,9,3.197454478445377,0
1045,20,57410.59050088771,HR,12,6.382082055958747,0
1046,27,73254.89906230009,HR,0,4.465923425407267,0
1047,30,69784.84317620129,Sales,11,8.693252009193353,1
1048,45,36354.117645236256,Sales,12,9.571737753969792,1
1049,38,82148.10524588844,Finance,6,8.952082555331714,1
1050,-999,80701.37031221177,Sales,14,3.43557995224237,0
1051,38,50616.55947735706,Finance,11,2.7474658214147403,0
1052,31,65937.05300156113,Marketing,11,5.269914042586615,0
1053,28,67410.45279424108,HR,11,1.0660073575256224,0
1054,41,,Sales,2,1.2322845357686356,0
1055,45,51745.422692318694,HR,3,5.979615756607001,0
1056,44,49925.64948092923,HR,6,5.684044637487574,0
1057,26,59616.688935128324,HR,3,9.95123790131734,1
1058,-999,77590.93528889047,Marketing,6,2.816576518273823,0
1059,38,68154.00231891648,IT,13,3.3229353624442157,0
1060,44,54440.78501870841,Sales,12,2.0218657809365803,0
1061,30,,IT,9,9.257887086883702,1
1062,33,17271.86069054887,IT,12,8.000301200126057,1
1063,23,77231.48550558156,IT,11,8.401052003111626,1
1064,23,33904.293318328506,HR,6,9.124874091680578,1
1065,43,54563.38587895302,Finance,3,5.7240998805325445,0
1066,48,43204.95158060784,HR,7,5.060738723056513,0
1067,34,40579.77786418641,HR,11,3.9735232629905486,0
1068,45,77412.4018106778,IT,6,6.302931529130699,0
1069,38,52984.48198032163,HR,10,5.088505571108403,0
1070,28,65197.55822596073,IT,1,5.064090279450176,0
1071,38,59296.19131681224,Finance,11,9.43235077358025,1
1072,50,67155.61240834682,?,12,9.856283628512172,1
1073,34,61152.32836590383,IT,10,8.168359503966226,1
1074,50,40755.11663717146,Finance,14,7.810822812222355,1
1075,-999,74944.0022917071,Sales,12,7.125023456011913,1
1076,43,52593.65125258031,?,13,2.4946736710016233,0
1077,35,36651.271520103735,IT,14,1.5319523878808907,0
1078,32,53578.27258551131,IT,12,7.216536836019368,1
1079,35,82511.39685951466,Marketing,10,7.559076000309184,1
1080,15,72753.3261317024,Marketing,0,1.4227569198832581,0
1081,32,54770.21798388211,IT,6,9.352465752059633,1
1082,38,54761.13443522357,Marketing,8,1.8202657550020978,0
1083,49,55175.47423173926,HR,4,3.5731048039408213,0
1084,29,91151.21975341262,Sales,4,7.05150831518834,1
1085,26,65729.0317834733,Sales,14,2.528853349640287,0
1086,29,,Sales,13,1.4987429959801999,0
1087,44,75454.25181047764,HR,12,3.980318402477348,0
1088,38,63581.8373853977,Marketing,6,7.893744173696612,1
1089,29,56114.36781268945,Finance,0,4.723108110867344,0
1090,40,57054.75226372533,Marketing,1,6.876756297171454,0
1091,35,58925.98110878904,IT,4,6.21657187505323,0
1092,44,59441.66645235238,Sales,0,1.1999663382302237,0
1093,27,70914.4431545547,Marketing,0,9.89685988341136,0
1094,31,60779.18828710949,Finance,13,1.3728527993744897,0
1095,31,70989.6011582337,IT,10,9.710224638836365,1
1096,20,58789.251298371266,HR,4,5.9487776052795835,0
1097,37,61179.52785474136,HR,1,9.668431243585598,0
1098,-999,30026.989732018385,Finance,7,2.032782394724519,0
1099,35,73744.91512053722,IT,0,5.413676672669618,0
1100,32,65197.32713846989,Sales,14,2.5255368267945277,0
1101,20,74970.15164789479,Marketing,6,1.4587738932019816,0
1102,30,16556.169327094663,IT,6,6.557762035560804,0
1103,31,91325.62057171091,HR,5,2.870050788655223,0
1104,26,57906.15557767239,Finance,1,6.289273164587914,0
1105,33,76622.74225106275,Finance,9,2.0112803375408705,0
1106,39,44401.411093117036,Marketing,10,3.987878242894325,0
1107,53,69191.60857593855,Finance,10,8.034693022479225,1
1108,36,44198.76655239516,Finance,2,4.933463696579689,0
1109,37,50643.465589562926,IT,8,6.649708734076027,0
1110,34,88710.4703080018,Sales,8,6.827121466709913,0
1111,15,57139.7639885498,?,13,8.593795395885643,1
1112,34,63261.49309769584,IT,5,3.9243051496597716,0
1113,35,73051.01596033131,Sales,5,7.185660063242658,1
1114,59,67435.22831958906,IT,9,9.654542263415491,1
1115,33,62256.28357715365,IT,9,7.5721900092208125,1
1116,38,65474.41503699338,Finance,7,5.4088342904597,0
1117,34,96051.23377857413,Sales,6,6.676457000427363,0
1118,23,59135.71804449622,Marketing,7,7.657146079867974,1
1119,46,63016.485700724515,Marketing,12,6.510481891244852,0
1120,42,75759.81594011417,Sales,6,1.1500823214085525,0
1121,42,76582.88899436976,Finance,14,,0
1122,25,77805.4545834057,HR,7,8.294213954939195,1
1123,49,69580.95333043777,IT,14,3.453855825812362,0
1124,20,42854.92630904275,Finance,12,7.584059076050205,1
1125,40,84501.47298451644,Sales,5,4.3490819371752885,0
1126,56,42804.81910471968,?,12,5.696958953421489,0
1127,25,,Marketing,1,1.6117596983746334,0
1128,29,48685.86224970963,HR,13,2.6310300494473857,0
1129,35,59037.92480110511,Marketing,9,9.61477267167311,1
1130,29,64931.436154552204,Sales,0,9.011242481022226,0
1131,19,64820.35823175409,IT,9,6.870475998091452,0
1132,35,66328.81131352927,Sales,14,5.136801376471636,0
1133,24,84205.6690358797,IT,1,7.0818516360570145,0
1134,39,66803.0145227097,Finance,8,6.567492601845451,0
1135,25,56337.65047064027,HR,11,6.116970300441508,0
1136,50,74461.30752432536,Finance,12,1.5325936467718764,0
1137,27,77842.05733386961,Finance,6,6.695223495953562,0
1138,31,41585.882772945115,Sales,3,7.9202804011405155,1
1139,43,,HR,0,9.94673489181018,0
1140,22,70517.59113466347,IT,8,1.0997069733487872,0
1141,37,55536.54744960012,IT,6,7.57156107979609,1
1142,48,80635.6021996743,Marketing,14,6.146103843423824,0
1143,18,57749.1661945121,IT,0,4.90646958472861,0
1144,36,61883.64680207313,Sales,10,2.148131571142338,0
1145,37,,Finance,0,4.681766337713886,0
1146,42,60233.685713722014,Finance,2,4.1893946468752175,0
1147,22,43555.87369657197,Finance,6,3.7254690008086797,0
1148,21,,HR,6,7.577916609899869,1
1149,40,83917.57594837458,IT,10,7.306529691558374,1
1150,37,47295.57977522508,Sales,13,6.301180818828204,0
1151,37,45129.114758155396,HR,9,9.44798331964035,1
1152,38,27699.148295944276,Marketing,14,4.14868945762769,0
1153,28,50415.57378465746,Sales,13,3.194217439391616,0
1154,37,40153.653098887524,Sales,8,6.9031298178855955,0
1155,37,84630.22740204554,Sales,12,2.7893265484366268,0
1156,27,75147.25634013952,Finance,9,3.8350945646508214,0
1157,53,49677.74482233414,Sales,1,3.0214219606739636,0
1158,39,93786.53708016463,IT,11,1.622382109466511,0
1159,23,74726.48230487392,Sales,1,8.447488674721061,0
1160,41,55127.529247370665,Finance,8,3.2908648862949503,0
1161,25,22508.9142768964,Sales,10,5.257247530087186,0
1162,42,94364.13858886113,Marketing,0,1.3898374592888074,0
1163,46,39156.41299854606,Marketing,3,7.294055196273788,1
1164,26,35319.018795646625,Finance,13,3.975049020756617,0
1165,44,75338.5564801446,IT,9,7.70263055046289,1
1166,39,96596.28609508909,IT,3,4.7116275442107955,0
1167,43,80764.09227765776,HR,10,2.7618004576506214,0
1168,53,68458.63680078539,?,8,5.618575740538323,0
1169,32,68921.31512497929,Sales,7,2.174541036736958,0
1170,27,72801.23338170462,Finance,14,4.964852438856953,0
1171,26,71383.92884680147,HR,10,3.8557492967843787,0
1172,26,64217.87135954064,Finance,5,9.207636257796699,1
1173,34,61563.01655927814,Finance,12,1.5483584954864795,0
1174,38,59061.103081507164,?,13,7.2461567269516785,1
1175,37,,IT,1,2.644760493886923,0
1176,43,55789.87384699839,Sales,3,3.8714056689901586,0
1177,35,34605.64778706922,HR,3,4.739626567558593,0
1178,49,58524.90559807875,Marketing,10,9.172135804374768,1
1179,32,45171.133392736236,IT,9,3.1832043946644264,0
1180,62,43446.160241763435,Marketing,9,1.821779222902032,0
1181,41,62698.41226730218,IT,14,3.868206435914712,0
1182,26,80880.034295169,Sales,11,1.9420837348198001,0
1183,24,73774.74909003469,Sales,1,2.1573683736449727,0
1184,39,36442.490945652346,Finance,5,6.1646553817752405,0
1185,32,45155.57795144494,Marketing,6,1.54811739789544,0
1186,42,74111.56781982323,IT,5,1.2783779325420943,0
1187,39,45262.68909692536,Sales,10,7.42972691323448,1
1188,34,56630.50275004463,?,13,4.2548238535694,0
1189,26,68250.78148536828,Sales,4,2.1283781431048596,0
1190,19,45474.83317704547,HR,8,,0
1191,30,,IT,11,6.778778566171591,0
1192,43,,Sales,6,3.479829104267661,0
1193,37,50979.48534073179,Sales,2,5.450690126083671,0
1194,22,64796.72901213806,IT,7,2.0952577605400506,0
1195,36,36105.09399702496,Sales,0,6.292842738449023,0
1196,38,66607.12106940598,HR,14,3.8446991545893767,0
1197,26,59705.433016099785,Sales,1,,0
1198,36,68287.34931625721,Marketing,6,8.275553940736206,1
1199,35,63358.712010969924,Finance,7,6.504817774509932,0
1200,23,80462.10644960766,HR,14,3.661728063355186,0
1201,38,61878.36753971861,Marketing,2,3.3016933139347033,0
1202,40,53558.91688312121,IT,1,3.9467886286010323,0
1203,45,61834.46254548425,HR,0,2.481584619128544,0
1204,45,68149.47043554582,Finance,2,2.630546657650181,0
1205,21,60732.901054885566,Finance,3,8.11621991710151,1
1206,25,,IT,9,4.462593188567005,0
1207,40,49470.12468289867,IT,3,4.923956625135272,0
1208,40,50056.48623673578,HR,0,6.3464451901013,0
1209,40,38960.920923004596,Sales,12,6.306881456363929,0
1210,73,86243.65114780409,IT,5,1.6063918436973315,0
1211,40,41342.051469130725,Sales,5,8.48386707703899,1
1212,46,49606.42203306139,Marketing,4,2.595938979015455,0
1213,44,49223.89101646204,Finance,14,7.50764472444702,1
1214,41,73423.86565416661,Sales,2,7.954038893153499,0
1215,31,55575.75482561958,?,13,7.434095806821823,1
1216,42,78716.131090106,Sales,11,6.210798818987307,0
1217,27,49897.640636341974,Marketing,1,1.1314809739799458,0
1218,32,64184.91243335703,IT,14,4.2433794312685365,0
1219,30,47469.794201103636,Marketing,4,6.4435548642632305,0
1220,35,92177.23691660083,IT,1,,0
1221,58,42186.023714557305,IT,12,8.771319054215319,1
1222,-999,64647.31065340541,Finance,10,3.779220478146538,0
1223,41,,Marketing,9,3.641813132127944,0
1224,18,66206.98646177247,Sales,2,3.3939792378339217,0
1225,30,57220.68511683438,Marketing,7,3.9950278206471594,0
1226,45,58052.689503998605,Finance,11,,0
1227,35,60657.17207968664,IT,4,7.363137648453317,1
1228,24,57794.96997557267,Finance,4,6.963111259649066,0
1229,27,74458.18675192364,HR,0,8.269460379833315,0
1230,41,93157.84502387026,HR,2,8.973225959476824,0
1231,27,51637.623224882496,Sales,13,8.34471138109016,1
1232,37,39452.95530631383,Finance,6,1.1705086303691912,0
1233,35,58675.76927473118,Sales,14,7.623261581967899,1
1234,28,98695.64006481477,Sales,5,2.8755961625649844,0
1235,56,47944.88148045404,HR,10,2.1963523843718438,0
1236,41,84586.75208166102,Sales,4,6.74639906319222,0
1237,14,85165.51221114662,HR,5,3.877688758669254,0
1238,36,51696.176374380084,IT,2,1.5140544703339893,0
1239,28,68534.74618777914,Finance,5,2.238667609585252,0
1240,-999,,Sales,8,1.0083647518296495,0
1241,27,54313.08388518769,HR,14,9.129012646102366,1
1242,33,56946.29459846457,Marketing,9,1.2215618545711473,0
1243,40,51274.786290770346,Sales,2,2.8851019255855994,0
1244,43,44778.649039607,IT,0,4.746365026191166,0
1245,22,,IT,1,4.209141933557372,0
1246,31,41640.89599856615,Marketing,8,9.20553289221498,1
1247,30,60511.25202388839,HR,11,1.362600511610879,0
1248,28,48450.40153412038,Sales,14,5.609932369093464,0
1249,52,63506.788676861215,HR,0,7.124315162719366,0
1250,39,,IT,7,9.38528176313052,1
1251,22,64963.20348321686,HR,7,6.58334126911349,0
1252,44,72502.93442413387,IT,9,,0
1253,56,30093.96536142817,HR,8,1.7535244406081356,0
1254,45,65610.84854771358,Marketing,10,4.473455598432347,0
1255,19,78415.03488709938,Finance,9,4.365524210311607,0
1256,30,41855.38471963192,Marketing,1,,0
1257,47,85088.58580256555,Marketing,11,2.3623405413694742,0
1258,27,66285.28514049068,Finance,1,2.3669755510296726,0
1259,39,49424.82216362387,Finance,10,3.957023348972186,0
1260,42,59163.46383513441,Sales,6,,0
1261,25,68374.90368782583,Sales,7,2.6421223658724102,0
1262,34,61140.080871186176,Marketing,13,9.686886746911616,1
1263,2,68081.33988669554,Marketing,13,4.853655458804555,0
1264,24,46189.89610380951,IT,12,6.688172875801928,0
1265,32,62540.41236054117,IT,7,7.535001334101732,1
1266,22,38794.2825464253,Sales,11,4.302652663064804,0
1267,51,58331.60907976949,Sales,7,2.3250436696946526,0
1268,20,46441.38537802815,IT,13,2.8592291459960273,0
1269,30,48967.050861153504,IT,6,3.819398289225493,0
1270,36,78541.39762815656,HR,14,6.724615783170031,0
1271,49,76369.65180891403,HR,13,4.58452494180149,0
1272,20,69137.07181360766,IT,11,1.0613322811011532,0
1273,46,43615.308529911315,HR,4,5.710664665607247,0
1274,35,55253.87325457797,Finance,1,9.29362052716676,0
1275,25,78196.46549968775,Sales,12,8.308698499078112,1
1276,39,62125.753704598574,Sales,2,8.42690234133668,0
1277,36,94789.94309972541,IT,12,8.155522158455181,1
1278,28,65899.76759091558,Marketing,7,3.913577430493813,0
1279,35,62880.73674735047,IT,6,7.886744503789528,1
1280,-999,,HR,13,2.288452220300737,0
1281,36,62003.11357173423,Marketing,9,6.919445325483582,0
1282,41,,HR,8,6.77411710016495,0
1283,50,70621.63015032886,Finance,8,1.2301281918076121,0
1284,22,74350.53475191876,HR,5,,0
1285,56,48210.158092380756,Finance,11,9.129232945856176,1
1286,15,40031.50569663333,Finance,3,3.406737506248969,0
1287,33,32456.919403450553,HR,14,8.311516517675358,1
1288,40,67619.86990368816,HR,13,1.741653746757534,0
1289,37,43449.50090739189,Finance,5,6.399710724349594,0
1290,28,27706.64110571276,Marketing,10,5.370821788008494,0
1291,32,65828.67906796446,Finance,8,5.913311799781,0
1292,30,97394.99276149186,Sales,5,9.335846816959105,1
1293,29,59908.9363269016,Finance,14,8.841837225221681,1
1294,43,72577.36161677462,Marketing,0,8.065752915157812,0
1295,38,,Sales,3,3.463286119105339,0
1296,28,58516.65520213286,IT,7,9.206367658174825,1
1297,43,73786.14724481653,IT,7,1.8775692321748774,0
1298,38,55645.88183717023,Marketing,8,8.67996294902909,1
1299,43,64010.88471107854,Finance,11,3.9534406511824702,0
1300,41,64825.467092940205,HR,9,1.4839508049578503,0
1301,26,49978.64319535427,Marketing,9,7.0242128581667345,1
1302,29,74880.63524304784,Sales,0,3.081519354843599,0
1303,42,57375.60364956887,Sales,5,3.192140132781687,0
1304,41,48663.82260760733,IT,3,3.7544244960589435,0
1305,34,68047.64765355605,Sales,3,,0
1306,36,46522.98027313444,Marketing,8,2.594144297784286,0
1307,47,60422.717360536924,Sales,2,1.0462566482700426,0
1308,29,59863.21505033695,Marketing,4,5.008685689952081,0
1309,40,,HR,3,1.7582983967617416,0
1310,32,67120.47349319929,IT,14,7.143873445397791,1
1311,32,59624.595618822845,Sales,14,3.1206056607248356,0
1312,45,,Marketing,9,9.492167296316595,1
1313,43,80853.1132352597,Finance,13,8.841264646587874,1
1314,43,68367.15459527794,IT,11,3.6049680547138743,0
1315,48,60155.28929765071,HR,8,8.048939091910109,1
1316,35,,Marketing,0,8.229204141983256,0
1317,41,44023.29505386941,HR,11,9.879068027029694,1
1318,31,55421.629434679984,HR,10,6.380559881611164,0
1319,38,50857.31696761075,?,9,1.7376916117929597,0
1320,33,57195.43045521831,Sales,11,6.821535060337428,0
1321,35,60849.74887345661,Marketing,7,6.624817735384317,0
1322,40,67945.39131535096,?,10,,0
1323,26,58942.518329113635,Marketing,14,3.7643108329379036,0
1324,55,67297.52465739303,Finance,5,8.737116265722996,1
1325,24,60967.1162221518,HR,10,9.635249646598707,1
1326,22,30368.00150469193,IT,7,2.959412616803364,0
1327,46,45909.96909271869,Marketing,10,1.7933694232298,0
1328,42,57838.686664175766,Marketing,11,2.7508152985163568,0
1329,41,41854.578857383385,Finance,0,8.38496925330147,0
1330,41,68998.93094994307,HR,9,7.089801713378628,1
1331,34,82961.26248515546,HR,3,6.7244260810521395,0
1332,26,78281.42777545974,Finance,10,4.6161382159848205,0
1333,35,56798.35693604688,HR,7,6.200451743602922,0
1334,28,82360.89205274929,Sales,11,3.7708671274693066,0
1335,44,62230.01185803167,IT,1,5.294800714761651,0
1336,33,54943.71043322941,Marketing,9,8.137567255335902,1
1337,26,50798.960046885906,IT,4,9.83117437709916,1
1338,31,55462.95470267808,Marketing,12,9.392400312308217,1
1339,39,54177.34772188157,Sales,13,9.404793485616239,1
1340,29,62556.243335632316,HR,14,4.620013613624011,0
1341,26,62408.60971574797,Finance,11,5.219108924561119,0
1342,37,60045.69030230122,Sales,11,,0
1343,37,66554.07254619525,IT,3,9.299727352461558,1
1344,29,77859.69412179512,Finance,5,2.277948334168762,0
1345,30,74243.31203161986,HR,6,3.738176774444762,0
1346,-999,37726.53047325145,Sales,11,2.2532216013469855,0
1347,20,21691.182976470678,Finance,13,6.508076769635098,0
1348,20,74014.79866858911,Sales,2,3.756708971987838,0
1349,27,39496.81952376869,Sales,13,3.934970672613161,0
1350,32,56628.518971609745,HR,10,1.638243635391813,0
1351,38,42448.304609109604,?,9,4.148164556268327,0
1352,49,32970.293436299704,Finance,2,8.762468566614269,0
1353,43,68121.94092307182,?,0,3.0976553070175146,0
1354,33,71387.3274045397,Sales,8,7.256687195890591,1
1355,34,51352.34398909921,HR,9,6.666655104447334,0
1356,24,21134.365617826348,Marketing,3,8.771361475322038,1
1357,34,51806.33327621276,Finance,8,,0
1358,32,65877.0600810382,Marketing,12,9.798309643105389,1
1359,38,37816.32646838807,IT,12,6.24365781436329,0
1360,26,62750.39879668733,Finance,13,,0
1361,40,59770.35226240507,Marketing,5,9.203632532792657,1
1362,50,68689.37249401632,Sales,4,2.993655449017952,0
1363,33,61793.705526212296,Finance,11,1.505458089129818,0
1364,39,45403.96588677667,Finance,6,3.300751844158254,0
1365,41,77948.57252496737,HR,1,5.748072840994779,0
1366,-999,57622.05640459545,Sales,4,2.54436730358671,0
1367,37,59590.43190735102,IT,6,2.5071377006618967,0
1368,35,46000.98061390206,Marketing,4,5.163341923946378,0
1369,35,53350.766232127346,HR,4,1.2994117405242258,0
1370,27,46727.95928959649,Marketing,4,2.0969927427904342,0
1371,35,57405.809101148654,IT,0,4.742752054671528,0
1372,39,85675.62720213515,IT,9,1.5681691828716982,0
1373,49,39421.48285602966,Finance,8,4.5707955080997635,0
1374,44,35796.57903184889,IT,9,,0
1375,56,82067.55491240413,Marketing,2,5.06139952665803,0
1376,27,56860.14484272201,Sales,4,8.822573716627787,1
1377,43,49963.908920101254,Sales,9,5.770562095465592,0
1378,36,75598.57031094114,Finance,8,5.21182416230239,0
1379,56,50915.766903947035,Marketing,7,4.6963832085249955,0
1380,26,87390.14570320403,Marketing,5,8.358610404740375,1
1381,26,,IT,13,9.055509435998498,1
1382,29,52681.32887781446,Marketing,5,8.679182222774058,1
1383,13,92359.62319898256,HR,6,7.0619192031825175,1
1384,29,50914.27615494993,IT,10,2.236255713718068,0
1385,27,71131.4305801396,HR,8,,0
1386,36,64489.38870609738,Finance,5,1.414567573137797,0
1387,38,79526.11934098197,Sales,6,9.377416674911027,1
1388,53,83422.66795090279,Finance,11,6.947186767218193,0
1389,44,60480.0622359865,Sales,4,7.717265958819174,1
1390,29,,Finance,2,3.8041456562400606,0
1391,26,66899.58214408674,Marketing,4,8.610881700496082,1
1392,39,,HR,12,3.3364295533763064,0
1393,21,90200.80871289935,Sales,1,1.0147938140120472,0
1394,53,62048.02996624106,IT,14,4.3877346626862455,0
1395,-999,54520.17673031837,HR,8,6.136853328631661,0
1396,30,62770.204587973625,IT,14,5.3083437216897025,0
1397,17,39793.10565705455,HR,14,8.758685283189372,1
1398,48,45425.789422340225,HR,6,1.9486475736055024,0
1399,33,78006.20861916638,Finance,2,5.98441096570353,0
1400,47,50146.58581542906,Sales,2,5.616814148388167,0
1401,19,44296.3352597709,Sales,3,3.532536839549467,0
1402,29,68049.79128790929,HR,10,8.400053013193094,1
1403,35,77785.56231994496,Marketing,4,7.775637902939857,1
1404,35,70784.29965997601,Marketing,5,7.595732685986479,1
1405,30,74940.71528708725,IT,6,8.885732304426003,1
1406,41,48648.073671458085,IT,13,7.505061405593691,1
1407,24,38672.83999887234,Finance,2,3.086571625432538,0
1408,33,82520.0047793323,HR,0,7.3500644048472195,0
1409,36,55159.802417367966,IT,0,3.7693253205085946,0
1410,40,56237.50475317429,IT,13,3.179571853127235,0
1411,42,79922.91212773586,HR,9,1.657032336096646,0
1412,23,68343.4501410099,Finance,4,7.69625722312909,1
1413,19,,IT,2,7.3990086575483005,0
1414,47,92475.03517351625,Finance,4,3.1104952990668435,0
1415,38,50347.22654429785,Sales,1,7.744411150517403,0
1416,27,73917.60192121856,Finance,14,9.260567947841977,1
1417,50,60855.19687345627,Marketing,11,1.9722606174242134,0
1418,36,64028.88418294885,Marketing,6,3.0937297454809745,0
1419,-999,82927.02639618798,Finance,12,7.75234714678584,1
1420,35,67617.53634434435,Marketing,3,3.4705600615637042,0
1421,55,68074.4411857445,Sales,10,6.621975768553451,0
1422,52,76087.61005964704,HR,12,1.7304780201734307,0
1423,32,54525.70905685672,Marketing,5,,0
1424,44,47411.85498991491,Marketing,11,7.651822797936577,1
1425,41,44327.862089684495,?,4,7.178625487389272,1
1426,48,30504.65115935997,Sales,4,8.335648906082262,1
1427,25,90843.10694910484,HR,1,8.89706913942852,0
1428,41,43451.87451417475,Finance,6,7.958651511328824,1
1429,45,56681.19564621342,Finance,10,7.044289686450334,1
1430,17,,Sales,14,1.2855024263442805,0
1431,23,64611.10046713651,HR,9,5.814700060684997,0
1432,14,72236.05818808945,Sales,12,1.339279524233675,0
1433,32,72907.10232539618,HR,12,8.272610354044204,1
1434,42,51253.83842146592,Sales,2,3.886520720139618,0
1435,50,,Finance,7,6.061864367061288,0
1436,35,64238.69925732449,Finance,1,3.5150077658701235,0
1437,51,56269.633107246795,IT,10,8.042501299422643,1
1438,21,84110.18364029989,Marketing,14,8.978522739777123,1
1439,17,67364.62427457377,Sales,2,4.587782447917576,0
1440,34,71023.16679074726,IT,11,8.766301541598901,1
1441,38,69943.21903001118,Marketing,9,3.4036750671069917,0
1442,34,77602.10786227987,Sales,8,5.811948307679715,0
1443,14,62715.3233805556,HR,5,8.728852868548335,1
1444,34,40547.5207806623,Marketing,5,3.9329320835421133,0
1445,21,65995.31927628962,Finance,0,9.586380385702771,0
1446,41,50229.64659312257,IT,3,2.0969155160324524,0
1447,38,52070.74977375365,Marketing,0,1.164475627511556,0
1448,25,68795.4602813264,Marketing,8,9.137218173203715,1
1449,29,78574.24607150453,Finance,1,,0
1450,24,60319.073651040926,Sales,13,9.927002763527426,1
1451,34,64632.49518898446,HR,7,,0
1452,44,85533.22416952858,Finance,10,,0
1453,25,63611.297692328524,HR,6,5.838261631233093,0
1454,40,99025.24671270592,Sales,8,2.664282677204299,0
1455,29,68482.64468447317,Marketing,14,4.853396557271079,0
1456,27,33588.55861266273,HR,1,1.552826163338494,0
1457,33,71300.12431656799,IT,3,3.0153212901693056,0
1458,24,65717.37577324167,IT,11,4.269455167590095,0
1459,29,79346.29131124119,Finance,1,4.947827502214493,0
1460,23,70097.72026904937,Sales,1,9.79746632388004,0
1461,54,57923.16024024339,Finance,5,8.27079081115583,1
1462,35,41635.526455659514,Finance,1,,0
1463,28,56864.65114070962,Finance,8,5.833371832677768,0
1464,37,47242.1931868605,IT,3,8.559979845439091,1
1465,33,51292.14825292916,IT,13,4.0539055209014,0
1466,32,68828.67606630914,Finance,11,,0
1467,41,85048.56756527109,IT,10,9.944055778403548,1
1468,42,65920.07294734471,Sales,9,3.8316601804167894,0
1469,29,,?,12,7.066157813955706,1
1470,29,66669.0400233021,IT,3,8.598833777371443,1
1471,32,77949.47229968477,HR,13,9.24226825015605,1
1472,11,50853.25643520927,Finance,11,7.461394218460916,1
1473,19,57989.742499906235,Finance,11,3.5524713107542265,0
1474,48,60220.32292093796,Sales,8,3.9365393641205184,0
1475,51,48226.5253037664,Marketing,3,1.1868222891156779,0
1476,32,69724.20650765789,Marketing,6,7.847973799043587,1
1477,40,58185.77777088327,Sales,11,1.3846564545575624,0
1478,38,66292.98665860541,Sales,0,8.781871191424711,0
1479,65,46687.6173329685,Sales,11,2.0679455302708494,0
1480,46,53438.125495148844,Marketing,3,2.546888609223318,0
1481,33,70835.72036741656,Sales,2,5.2887382374901355,0
1482,25,54407.502718623495,?,1,7.6409237365186815,0
1483,18,85904.45776850107,Finance,0,2.2510198467916993,0
1484,37,,Finance,7,4.960639675598486,0
1485,27,63370.27088627829,HR,3,5.345661469690943,0
1486,20,73988.86247809634,HR,14,2.9105707750173218,0
1487,28,38724.51400600452,Finance,8,2.0400253901256855,0
1488,24,33587.86782028836,IT,2,8.527788306870756,0
1489,51,,Marketing,10,5.52219084786489,0
1490,43,78938.76155140773,Marketing,13,1.1294311238573767,0
1491,34,51722.127811613296,IT,11,8.226831711781934,1
1492,49,98372.98928502378,?,1,9.827144248731264,0
1493,35,51536.286020139174,Sales,13,6.453335758728226,0
1494,26,62768.269547955555,Finance,11,5.533375483756637,0
1495,50,83131.64928851814,Finance,2,8.905742767404655,0
1496,40,90091.39332238684,IT,0,9.572651107161388,0
1497,24,90922.55364954597,Marketing,8,7.790832243122145,1
1498,33,78125.49345889714,HR,2,5.009076367608591,0
1499,26,75360.93788717194,HR,12,6.329992593982964,0
1500,21,68887.90423801774,Marketing,5,7.308418285161993,1
1501,44,,HR,13,2.7484621390162127,0
1502,54,51732.214255072,IT,8,5.024809289947942,0
1503,21,47727.016748665395,IT,2,,0
1504,40,59949.38313883572,Marketing,2,6.892528136485987,0
1505,28,57447.23066212607,HR,8,4.700836604906687,0
1506,30,53201.579260090875,IT,11,6.970262806132133,0
1507,29,70445.81171185074,IT,11,2.064001708652139,0
1508,26,74329.57812855767,Sales,4,4.613478495083887,0
1509,35,61326.10329437771,Sales,3,8.138156841667508,1
1510,26,82162.95121582893,IT,0,2.984579084229832,0
1511,37,42874.66328799742,Marketing,10,2.6736535680167592,0
1512,34,57095.10811080423,Finance,1,9.557367939247882,0
1513,32,49247.66519095792,Finance,6,2.8890786662760766,0
1514,25,32001.9507439041,IT,9,3.3482672168515126,0
1515,29,58759.78971235951,IT,14,9.726543450139042,1
1516,42,58173.78737425074,IT,4,7.612377132385231,1
1517,40,82701.74614863197,Marketing,3,7.296368797211754,1
1518,25,69462.17526832166,Sales,9,8.676337454691232,1
1519,35,44637.19763506192,IT,9,2.0424077401311482,0
1520,42,87811.38849501283,IT,4,7.353606129220065,1
1521,18,78315.5054328803,HR,13,5.53319748395415,0
1522,40,68731.46555202923,Marketing,12,8.462355762557259,1
1523,28,56602.738517252525,IT,3,5.573275467986749,0
1524,40,45608.4114491478,HR,3,6.582172188420209,0
1525,27,54416.8983589342,Finance,7,5.299679137595824,0
1526,16,76331.22929556279,IT,11,,0
1527,18,88268.79458901913,IT,0,7.911729802556484,0
1528,35,,HR,10,6.657097605825549,0
1529,37,52667.258673205884,?,9,6.699368814484694,0
1530,25,43205.73850066483,IT,3,,0
1531,41,62113.29370366806,Finance,10,5.779985467037748,0
1532,18,33473.40951655722,IT,14,7.711458995843086,1
1533,34,64847.515712771725,Finance,0,8.433468272007264,0
1534,22,57785.96120551997,Sales,4,7.269052619296415,1
1535,28,53009.452471976365,Sales,6,9.316656899611148,1
1536,35,36079.45399099807,Finance,13,,0
1537,26,,Marketing,14,,0
1538,31,52009.487405071326,?,6,7.042654653793631,1
1539,-999,,IT,11,9.336774492290765,1
1540,29,16916.06680077526,Sales,7,6.572512398187525,0
1541,43,59587.27642424046,Finance,8,8.423262531818477,1
1542,23,,IT,4,7.199294532309883,1
1543,40,84918.88821821805,IT,3,5.9674272495441985,0
1544,49,,Marketing,4,3.176543758738178,0
1545,10,50966.81909457329,HR,8,4.833977675215853,0
1546,27,,Sales,0,9.70968542350344,0
1547,40,45024.21841217563,Sales,13,6.9198884494534,0
1548,-999,64526.87849729199,HR,2,6.079558423050907,0
1549,38,71491.20417577036,?,3,9.396609629754046,1
1550,28,78403.99835826461,Marketing,7,6.2786060293370385,0
1551,35,58497.68885280071,Marketing,10,5.7347426657566265,0
1552,33,56944.893747345515,Sales,1,7.833797696351847,0
1553,46,46830.261198651584,Marketing,4,7.4139905708789,1
1554,37,47596.7946894021,HR,14,2.7384400756758946,0
1555,38,56602.8166214771,IT,3,5.241774471167091,0
1556,30,65510.48260224267,HR,4,5.252638985376267,0
1557,30,73703.76939349875,Finance,12,4.4040206371901025,0
1558,30,47952.31573979482,Sales,0,5.655641339370278,0
1559,38,82390.32853439283,Marketing,6,4.7179665795442975,0
1560,30,55933.14598436147,Finance,5,2.7941094052406483,0
1561,37,59679.490584773455,Marketing,4,4.71129838547213,0
1562,55,48791.82481278265,IT,4,1.6504925281585894,0
1563,43,23636.396095905875,IT,1,6.182072764969704,0
1564,31,73260.68094541575,IT,4,8.682890940470006,1
1565,47,71052.6584563865,Marketing,0,7.527583759190997,0
1566,30,55780.0866432268,Finance,11,,0
1567,14,61004.86075837308,IT,5,1.7836408501957737,0
1568,24,67739.0882655615,Finance,6,2.819344593027437,0
1569,16,36561.812146701865,Marketing,13,5.909413064453521,0
1570,31,,?,9,2.8635137504472956,0
1571,35,71913.97019432741,?,0,5.895758001564707,0
1572,51,41185.65865246126,Marketing,14,3.0843912228750905,0
1573,38,64403.368982499436,Sales,3,8.640314825284655,1
1574,32,39651.27293064892,Marketing,1,4.575443255564137,0
1575,43,66996.4497365029,Marketing,11,,0
1576,12,59465.37776553775,HR,7,8.310935622223553,1
1577,37,35773.02276141736,?,6,4.085550683249057,0
1578,42,77471.09031685758,Sales,3,2.0033891905490373,0
1579,20,48981.12634802926,Sales,8,6.133685422632775,0
1580,46,47846.213444784284,Sales,4,6.234077839941898,0
1581,38,63008.53795846414,HR,13,7.432261077121607,1
1582,30,77229.56024143074,Marketing,3,3.16197489887547,0
1583,41,44762.67271532405,IT,13,4.993942051830206,0
1584,57,60925.197747719576,Finance,8,3.541311271383906,0
1585,36,66432.24750495859,Marketing,12,1.728583625041193,0
1586,37,70396.58410894717,HR,10,8.889524443143024,1
1587,30,62646.62332915838,Marketing,10,7.5598282403950705,1
1588,26,54494.58241375016,Marketing,4,3.713167535129206,0
1589,43,47586.146690269205,HR,3,6.394356935847877,0
1590,26,61292.158245695624,Sales,3,2.811374093210252,0
1591,35,43917.9148202159,Sales,12,9.012129596161937,1
1592,30,16179.742747580887,IT,12,2.034157090257193,0
1593,39,,IT,6,1.034534309570208,0
1594,38,73559.02261629293,Sales,1,5.51807377965264,0
1595,45,,Finance,5,6.248150411075824,0
1596,29,44854.03942935094,Marketing,9,6.210687882662239,0
1597,32,69287.31391507796,Finance,6,1.4906073469404366,0
1598,25,90862.43204567548,Marketing,11,3.826394262265892,0
1599,30,60311.905615131116,Sales,14,5.492790521571987,0
1600,38,49079.955881562986,IT,2,2.949212670645168,0
1601,42,57256.553383427396,IT,6,8.853632969373066,1
1602,25,80623.14628722277,Finance,6,1.7839836051529063,0
1603,43,50310.53731313197,IT,4,5.3864599750483855,0
1604,48,48012.119900246194,Sales,2,7.222744517618368,0
1605,39,52758.847167269516,Finance,0,3.355759901210342,0
1606,53,45700.07087611932,Marketing,13,6.618166632977664,0
1607,27,61840.054739921936,IT,6,8.46446635128137,1
1608,22,84370.17687704341,HR,7,2.713032775855428,0
1609,17,64846.18909674043,IT,13,9.254985326423766,1
1610,49,56214.69746810569,Marketing,11,5.9820267939612215,0
1611,41,55622.83096626684,Finance,1,3.6930880387095453,0
1612,34,36552.13786955015,Marketing,8,4.877724478440436,0
1613,37,73246.64665720738,HR,6,3.8097269540774916,0
1614,23,58832.44204480797,Sales,11,7.526000439399845,1
1615,59,57292.80129614061,IT,10,8.166705970736189,1
1616,36,107896.61351767291,Finance,10,8.49643653086795,1
1617,36,64481.2936254853,Sales,5,9.87191424627167,1
1618,42,48723.134248572234,Marketing,12,8.121558632470151,1
1619,39,53604.63605691685,Finance,0,6.412456636197071,0
1620,37,77226.68563795132,Sales,2,4.052982685526054,0
1621,27,61699.056158066465,Finance,5,5.901359038396745,0
1622,39,38425.8303252395,HR,1,1.3696135551136488,0
1623,53,73788.43401862806,HR,3,7.703425679769218,1
1624,48,49977.83871691509,IT,12,5.013599905828916,0
1625,50,88099.46664326318,IT,14,1.1802090675896886,0
1626,29,76200.72098571973,HR,4,1.5625624735936974,0
1627,25,53290.17156511873,Finance,3,,0
1628,33,79215.2454260267,HR,4,6.2507936711659156,0
1629,35,61017.83265791105,IT,4,5.1778355405691405,0
1630,45,72791.6051268333,HR,0,6.572838855629394,0
1631,18,67270.99225941712,HR,13,5.322648329122202,0
1632,50,47304.6501751369,Finance,3,6.95533460933212,0
1633,33,50346.75251523807,Sales,6,2.972134582037208,0
1634,30,75449.41226371742,IT,0,2.0155886846525926,0
1635,24,54978.37001840189,Finance,12,6.367905591630939,0
1636,18,53945.27305137005,HR,10,5.362205652426767,0
1637,43,45673.16130975971,HR,14,1.2418088864044177,0
1638,35,66353.98598390192,Sales,11,4.424336969437323,0
1639,22,90937.87378864718,IT,4,1.9551302694189594,0
1640,22,43987.006286185904,?,3,,0
1641,31,60363.29185009137,Marketing,10,4.561999116943877,0
1642,51,81183.30833123144,IT,5,,0
1643,32,58805.37913131427,Sales,8,8.250419968932144,1
1644,19,66785.57694374601,Marketing,0,3.697018154573417,0
1645,32,44064.0970777968,Marketing,0,9.658918937485247,0
1646,-999,66424.60645811472,HR,8,5.8207105052881705,0
1647,8,57192.83602493177,HR,8,6.5646171887930915,0
1648,34,74785.94993519795,IT,11,7.126051359031633,1
1649,32,77810.79077347126,Marketing,1,7.0005837687183075,0
1650,41,98843.45463027922,HR,7,5.598736687405559,0
1651,53,68694.49759820364,Sales,2,4.858878620032152,0
1652,46,64886.944748732494,HR,1,1.484037677596401,0
1653,32,62915.76452366004,HR,6,1.1987726077106178,0
1654,23,54702.505607839674,Marketing,2,4.221650750794882,0
1655,60,65077.25765192536,Marketing,3,4.002948015703234,0
1656,35,55568.97884791456,Finance,4,4.489256393551061,0
1657,35,62526.91464404421,Sales,3,2.24531380799371,0
1658,34,79763.9630341194,Marketing,1,7.643514434831593,0
1659,36,44901.86152080538,IT,1,8.71267973298615,0
1660,33,77098.17841693568,Sales,2,9.448431718366315,0
1661,29,79756.72601009798,Sales,0,5.431260731676632,0
1662,29,58228.97209513382,Marketing,9,7.307791292128858,1
1663,34,28172.17651487108,Sales,4,8.699960110922852,1
1664,29,50882.670193583515,Marketing,4,4.764619999841374,0
1665,27,79454.91819841664,HR,4,3.784715153833999,0
1666,36,59656.97906551677,Finance,9,9.430521002681411,1
1667,32,45010.466515576336,HR,13,5.641088959693658,0
1668,50,52428.376181576736,Marketing,11,5.475284979317902,0
1669,8,72609.3003975683,Marketing,10,2.605744869071462,0
1670,45,68201.00352302068,HR,7,1.9733951311602107,0
1671,47,56416.01851245458,IT,10,8.578961762351604,1
1672,14,54497.63382277969,IT,8,6.527198585687662,0
1673,31,54123.62776434267,IT,3,3.9324212561750382,0
1674,31,46163.84723252246,Marketing,3,2.725625956512398,0
1675,20,84230.63534204163,Sales,4,5.999475521526683,0
1676,27,55165.192961829904,Marketing,13,6.2552736033502185,0
1677,23,78257.37781238244,Sales,8,2.8629424112055233,0
1678,52,82819.74077883677,HR,11,8.662651731023265,1
1679,44,74974.6634722194,Finance,5,1.7583792954026598,0
1680,47,53525.695309229275,Sales,6,4.204837766497795,0
1681,42,66055.95135504914,IT,1,7.123459723862699,0
1682,23,59637.06590413626,Marketing,2,3.467083274372806,0
1683,29,46444.47208904808,HR,12,8.449076753031447,1
1684,39,64865.389225824045,IT,8,,0
1685,22,42314.403132602965,HR,5,,0
1686,42,77815.19082692346,Finance,12,2.0719588228904464,0
1687,32,,Marketing,3,2.264924151959886,0
1688,31,63017.39483809259,Marketing,14,,0
1689,42,64249.31807319213,Finance,5,5.66269448677805,0
1690,-999,56116.42539443884,Marketing,5,7.732144690294621,1
1691,31,68800.40702212912,Sales,4,8.52877801684813,1
1692,46,52876.44515066213,HR,1,7.3390178436146245,0
1693,24,73069.45946185866,IT,1,9.357371933775745,0
1694,41,39810.30479629878,Finance,9,7.6486915865433724,1
1695,40,61895.693693196175,Sales,13,3.7564109830415324,0
1696,31,89083.93498587428,IT,11,3.3857315590471533,0
1697,38,44995.03013091638,IT,2,7.265732052709809,0
1698,22,49833.82544212723,Finance,8,2.7358351182065284,0
1699,44,67708.61774488373,Sales,1,1.834433297292429,0
1700,33,62693.72672909397,IT,0,5.790005873705745,0
1701,29,65259.45148910339,IT,9,8.394774128010598,1
1702,45,67337.80695221495,Sales,8,1.9124185822287718,0
1703,27,69520.82202842654,Marketing,1,8.127021914161563,0
1704,20,76645.49762934334,IT,0,8.304148039163934,0
1705,19,66147.27985392768,HR,14,5.340466000733892,0
1706,41,56381.13518072186,Sales,0,1.5157927900943813,0
1707,22,70088.60551804097,IT,6,2.571308661224678,0
1708,52,88498.22902342823,Finance,7,7.366836476457391,1
1709,14,58010.493804261394,HR,1,7.406001504918545,0
1710,51,45382.06042994038,IT,2,9.085197476508988,0
1711,37,76606.2100393046,HR,5,6.244175318991245,0
1712,34,58194.282540696026,HR,11,2.1169663094239963,0
1713,29,27409.95680978946,Marketing,7,2.092734149544749,0
1714,38,72711.32515725633,HR,9,7.4901912162114135,1
1715,34,51970.07721069116,Marketing,14,2.6540619859711105,0
1716,46,58642.00076543759,?,11,3.955469496549448,0
1717,36,64979.70495853522,Marketing,6,5.384908062297225,0
1718,36,62857.495196685995,Finance,6,,0
1719,31,70641.77725708559,IT,9,3.2393712431793866,0
1720,34,53467.70444145235,Sales,9,4.671006476565521,0
1721,38,,Sales,7,3.516726866438856,0
1722,17,56106.79983624124,Finance,9,2.2273329472080925,0
1723,21,71082.15721331254,?,0,7.552110320165776,0
1724,-999,69230.5122601958,IT,6,8.318328896511865,1
1725,36,45968.41946933107,Marketing,4,3.3173107852935235,0
1726,33,76289.73174262549,HR,1,7.96977545145673,0
1727,35,51960.54832328928,Marketing,1,4.469982079611825,0
1728,38,72120.86697421718,Sales,9,5.560172117686025,0
1729,29,,IT,7,8.704009674038375,1
1730,27,87572.75515192683,Marketing,3,7.749583136221671,1
1731,36,56648.01026442222,IT,7,8.246051661845598,1
1732,25,54760.24805822704,IT,7,,0
1733,39,59708.70591168401,HR,2,1.6274748325035653,0
1734,-999,55452.303257485866,HR,9,9.040642561791884,1
1735,45,71999.12852913074,Sales,11,4.490508426139849,0
1736,39,35755.340873451176,Finance,11,3.5909171026271274,0
1737,37,44194.76371280469,?,9,7.522266288356421,1
1738,44,43982.9561763121,Finance,7,8.527740369218709,1
1739,51,74254.61387960364,Sales,0,8.76240659708471,0
1740,45,85659.20058872888,IT,4,3.8439742701270463,0
1741,16,,IT,1,8.669911520815067,0
1742,22,,Finance,14,1.3684054993691084,0
1743,28,61050.78244669772,Marketing,2,1.4469534231374699,0
1744,35,77428.17453912286,HR,2,6.61167275656739,0
1745,40,46089.70298714139,Marketing,13,1.5679573220399161,0
1746,27,63575.53474102178,Finance,14,3.9214825165914537,0
1747,36,74627.96444673644,HR,11,7.054803876222316,1
1748,27,67516.41254909767,Marketing,0,4.0354020644880375,0
1749,28,62843.724248981154,HR,0,2.616398032960863,0
1750,20,75015.69138850711,IT,5,,0
1751,25,19451.515605011446,Marketing,2,5.118177990253886,0
1752,21,70168.12979296362,HR,0,5.278472698199342,0
1753,25,50188.864753088645,HR,6,8.047002082124818,1
1754,45,32540.506547153145,HR,14,7.751379064883613,1
1755,25,67668.03899287472,Marketing,4,5.111360241005217,0
1756,61,80604.87817744436,Sales,9,8.611006141888943,1
1757,39,57938.27228058462,Marketing,9,2.0281342473225625,0
1758,36,74293.11820804408,Finance,3,3.2981801520601133,0
1759,26,84184.17386982968,?,9,8.451788171520263,1
1760,42,79723.7168037607,HR,3,4.401946347635378,0
1761,29,,IT,1,9.83063402914458,0
1762,36,71131.91236607838,Marketing,10,5.196279533750519,0
1763,60,61131.50458352389,Marketing,1,,0
1764,34,35970.51282154248,HR,14,4.620763372441347,0
1765,46,56309.062678050774,IT,2,4.824581671561873,0
1766,27,47351.30107025713,IT,8,4.4459483255576515,0
1767,34,92564.1407624672,Finance,6,7.471680584597306,1
1768,52,57361.712813514954,Marketing,1,5.92766095653995,0
1769,-999,61848.072101767284,IT,0,9.494003002315322,0
1770,53,68272.28064060702,IT,9,3.258012848806943,0
1771,42,60654.03669558681,Sales,12,1.9050645887509992,0
1772,29,,Sales,12,4.5393533658929375,0
1773,41,,IT,7,6.550414368820984,0
1774,44,62919.11182855864,Finance,11,8.747190432239456,1
1775,41,48862.94121452927,IT,10,4.115771980122949,0
1776,19,40199.66233168941,HR,10,6.884080760120154,0
1777,27,50823.46363642072,Marketing,7,4.151788129208971,0
1778,32,59444.44804427382,Finance,9,6.554976246950123,0
1779,34,53560.4666322411,HR,12,8.963271523275857,1
1780,41,49613.68530189216,Finance,5,3.0822187803346814,0
1781,36,38905.23804492249,HR,12,4.638174778963353,0
1782,21,58753.41641056958,Marketing,8,9.939386767867719,1
1783,38,37429.19438953497,Marketing,2,8.817013254245147,0
1784,41,,Sales,0,6.0817587210658175,0
1785,40,61236.59629401755,HR,5,5.649648326688478,0
1786,45,38136.727508026044,Sales,8,3.561403440742129,0
1787,43,55361.863844252046,HR,12,5.654884849241765,0
1788,39,48717.65391614125,Sales,1,,0
1789,34,,Marketing,12,7.166570619500025,1
1790,18,80106.75669034716,Finance,12,3.610396253601879,0
1791,39,31872.41295531383,Sales,2,2.8131752894817965,0
1792,37,61725.39118721126,HR,12,3.386876832971462,0
1793,37,57598.00806650039,HR,14,2.5278328125354386,0
1794,22,70070.10114675699,Marketing,10,1.8607662642134435,0
1795,24,63197.94942356534,?,11,4.772225569978495,0
1796,45,48720.460023917716,IT,14,2.0196964395844095,0
1797,34,55214.19096500073,Finance,9,2.547213019543939,0
1798,41,48059.612147947664,Sales,4,5.925922159055375,0
1799,35,76140.10707897898,Finance,12,2.4813934632961727,0
1800,35,60319.67473007913,Marketing,9,1.5749179068781256,0
1801,44,88517.86028629511,Sales,8,3.8564996502509667,0
1802,-999,59090.08779278069,Sales,3,2.9828718875977076,0
1803,35,49373.898496343056,IT,11,5.637746691949391,0
1804,30,37294.284110807595,Marketing,1,1.921303761248884,0
1805,30,32952.90485616082,HR,13,7.765937089146803,1
1806,31,36237.96085491765,IT,4,9.156101674916247,1
1807,37,64006.89976517225,IT,1,7.690916565605749,0
1808,-999,,Finance,6,5.795443336612548,0
1809,-999,36282.139469518,Finance,0,8.746010396099965,0
1810,26,73425.57471114173,Finance,10,7.254265418033567,1
1811,33,52754.08422474841,IT,13,1.0949601020517088,0
1812,30,62201.89517978324,HR,12,4.5468113749705275,0
1813,49,84183.30942383136,Sales,1,8.658567094661201,0
1814,36,73452.58973798298,Finance,1,4.1127297217774235,0
1815,45,55972.04028141251,HR,12,1.3169365617297115,0
1816,20,46632.11661877069,Marketing,13,7.715616746970451,1
1817,37,27722.768980060428,Finance,6,8.218344432545816,1
1818,43,49212.7002113637,Sales,7,2.445343255389777,0
1819,35,56833.046417584585,Marketing,4,5.836064471588631,0
1820,45,45192.30709273224,Marketing,13,2.7275989509615317,0
1821,29,58031.145493615426,Sales,9,7.473109771397321,1
1822,49,61152.77824438152,Finance,4,3.4439540965973707,0
1823,57,56627.16027287882,IT,4,3.8459361030699704,0
1824,31,50249.961287648104,Sales,13,8.604737682760913,1
1825,30,62529.82007950092,Sales,0,5.286901169862139,0
1826,49,,?,4,7.0277900609642305,1
1827,50,43644.01383835731,Marketing,8,4.621357456502209,0
1828,29,81163.98569619405,HR,2,3.682061714743799,0
1829,30,58521.17801573608,IT,1,6.629302543821952,0
1830,32,60282.744344172716,Finance,12,2.3937181667093914,0
1831,21,70623.21634884836,Finance,13,4.356998520101767,0
1832,25,63498.24196895253,HR,12,2.8813333364733005,0
1833,24,74297.04950869868,?,13,7.2621547024667095,1
1834,27,64306.86247802736,IT,8,,0
1835,34,50813.43938039343,Finance,12,9.959598712142798,1
1836,37,65422.55287809153,Finance,5,5.052491293974317,0
1837,50,42844.10689019007,Sales,9,3.2727735067280004,0
1838,25,61628.39558664785,HR,14,4.985464333458918,0
1839,44,59501.550140333085,IT,3,8.625424689664515,1
1840,32,56878.2471409119,HR,5,2.8540511069683587,0
1841,34,58071.93732841604,HR,7,9.568860864876314,1
1842,41,31772.264317535413,IT,2,4.076791919183359,0
1843,23,51769.12638388558,IT,1,9.872232935052745,0
1844,38,61392.673517116724,Finance,12,8.54747998780566,1
1845,36,,Finance,14,8.277134807326513,1
1846,39,44584.87288611063,IT,6,3.8611420639595524,0
1847,37,78985.61761297051,Marketing,1,1.0789949075313652,0
1848,59,47007.377276782485,Finance,0,4.439196179433891,0
1849,28,74541.85800790106,Marketing,13,3.716284326964243,0
1850,29,66407.91542807527,IT,6,1.3365729136791757,0
1851,28,50306.59035234295,Finance,4,5.548287308553367,0
1852,29,,?,7,4.62728180154463,0
1853,28,42095.447523652794,IT,4,6.7110082096737225,0
1854,46,73787.31260415002,?,7,6.590676899746748,0
1855,49,75008.73477064467,Marketing,12,2.086719723070121,0
1856,29,49940.69686385033,IT,8,9.792689915139603,1
1857,26,80886.97950096492,IT,10,2.682382864973022,0
1858,39,56249.302281015705,Finance,5,5.007466222882341,0
1859,29,64330.40443919785,Finance,11,5.393057890903615,0
1860,41,63904.82758156831,Finance,9,8.317565174927081,1
1861,37,57985.368877941786,Sales,1,1.893066364851821,0
1862,19,72162.12409739674,Finance,8,4.857798512876785,0
1863,50,71902.3308082832,IT,3,6.656519532125835,0
1864,52,33772.02040142729,Finance,12,,0
1865,28,79565.10364317229,HR,6,6.647211088894655,0
1866,31,35062.62017946488,Finance,14,9.312983537946874,1
1867,37,75488.19306512485,Sales,1,9.977663180554075,0
1868,38,76900.57705241375,HR,11,1.2920596911160813,0
1869,41,43635.50354677203,?,10,3.1202940542020974,0
1870,55,53837.78568068123,IT,11,3.792764042125277,0
1871,33,43414.42997271096,Marketing,4,4.592134904004695,0
1872,27,56776.18454566897,HR,7,3.1803144182629066,0
1873,21,55379.48573721388,Marketing,11,2.831391950997813,0
1874,27,71694.9079840401,HR,3,9.5909845817575,1
1875,34,79654.63119179412,HR,3,9.266694424934661,1
1876,52,80935.25716184934,Sales,8,1.4229325090280573,0
1877,29,51567.47960132547,Marketing,7,4.049317194443633,0
1878,37,56861.671893832085,Sales,4,4.64633698310566,0
1879,34,34748.42711668575,HR,4,3.1511308119934904,0
1880,46,47911.94900255717,IT,4,6.65985607289358,0
1881,60,74472.77449646186,HR,11,6.7634267197981695,0
1882,29,84233.74235322347,Sales,9,8.654538054957374,1
1883,30,41484.76692180117,Marketing,12,,0
1884,45,51113.036112706584,Marketing,14,5.8831599426936005,0
1885,41,59603.91364561609,Sales,7,6.882280930399779,0
1886,53,64202.4173822941,Marketing,1,3.4658990338871627,0
1887,40,47855.94720117531,Finance,0,6.337505709706219,0
1888,31,66360.91566696134,IT,4,5.403045292749273,0
1889,40,52892.409793936255,IT,13,2.200100205847334,0
1890,46,59783.215936825814,IT,7,3.1828984892467367,0
1891,43,68194.26372005549,Marketing,4,3.625241056494274,0
1892,40,60096.33404716407,Marketing,5,9.318786103473021,1
1893,45,53454.21164210147,HR,8,3.073479754473005,0
1894,46,58355.852941112535,?,9,3.6031951253770136,0
1895,48,58674.55561191997,IT,2,4.3241871708048905,0
1896,41,54449.83455176809,Finance,14,6.973684647628483,0
1897,33,56118.059059993466,HR,8,2.0641455322492646,0
1898,36,,HR,2,9.585506912443984,0
1899,47,,?,13,8.79014098085288,1
1900,26,55567.795229562595,Finance,1,6.194944657080551,0
1901,38,70454.31606766104,IT,13,7.066340806824611,1
1902,31,54992.70765365985,HR,14,1.149944241197944,0
1903,35,77596.86956379961,Finance,10,4.050502978136038,0
1904,47,65544.6328829714,Finance,11,8.160942075952978,1
1905,36,58390.467839936566,IT,5,1.697346764131473,0
1906,35,66715.75388715416,Finance,14,3.540824507896482,0
1907,21,36436.85771897251,Finance,7,6.267671455008801,0
1908,42,43098.48796635292,Finance,10,3.3077172492904765,0
1909,41,42091.12490401417,HR,13,9.405801767300673,1
1910,56,62144.1464214556,IT,14,2.1795276772386134,0
1911,31,85987.72499227637,Finance,12,8.176549221170006,1
1912,37,93469.50219288949,Finance,4,5.571538227157674,0
1913,37,,HR,14,7.752976982379604,1
1914,50,67512.66712416685,IT,9,3.796437954803027,0
1915,34,32984.13398770892,Marketing,13,5.630406420808349,0
1916,37,51859.89300398967,HR,10,8.711518147508587,1
1917,41,48183.24372137642,IT,4,5.20190289210794,0
1918,36,50687.28602623326,Finance,5,4.237478757192426,0
1919,30,57477.84272122815,IT,8,5.825398476274625,0
1920,36,52918.64133454309,IT,11,7.456264777327302,1
1921,45,30310.502844363185,?,4,4.992070109486525,0
1922,24,71218.653841763,Marketing,8,,0
1923,36,43908.854613902906,IT,5,3.6545124163810785,0
1924,-999,,Marketing,12,5.279172455522084,0
1925,46,91111.2400462496,Finance,7,7.812348934072973,1
1926,19,46209.23112620365,Marketing,1,7.202089814461824,0
1927,29,22045.687158805056,Finance,2,8.772769471754405,0
1928,38,55709.936671798336,Finance,0,9.97128262612998,0
1929,50,76514.39452497856,Marketing,7,4.8417249591558065,0
1930,34,89375.21181330891,HR,1,,0
1931,29,41556.756083213746,Sales,1,1.2737429272717118,0
1932,53,67450.48834854782,IT,14,7.541892155257945,1
1933,20,53020.3431482992,Sales,13,8.86612304177844,1
1934,13,58410.774685437966,IT,6,2.986413273499768,0
1935,39,99665.15020525552,IT,14,2.426032334709154,0
1936,29,37455.445074072704,Finance,0,1.559845823731219,0
1937,24,63806.094922418604,IT,9,8.404326295454858,1
1938,42,67015.3975764815,IT,9,3.802437459033259,0
1939,37,76286.7948740902,Marketing,6,4.6152720348379885,0
1940,29,61469.747302063435,Sales,5,5.524751724486511,0
1941,22,64620.75809256153,Marketing,6,8.555079107885957,1
1942,-999,54125.271488673134,IT,6,6.857498994053365,0
1943,41,64036.90411867661,Finance,10,6.535581668720302,0
1944,34,54852.11586753884,Marketing,2,2.5810488996031964,0
1945,53,,Marketing,2,5.618709025388468,0
1946,24,54455.84495934549,HR,2,7.438429154607897,0
1947,19,,IT,3,9.759347947274426,1
1948,28,59561.057794725326,Finance,7,2.81265678292017,0
1949,34,76890.75376158251,Marketing,1,1.0858901776050398,0
1950,37,,Marketing,13,1.6777129023862276,0
1951,32,33404.512976896774,Finance,4,4.382672186637813,0
1952,38,78928.82251070987,IT,2,8.384901829713884,0
1953,22,46414.015487060715,HR,10,1.0642787359142054,0
1954,49,50193.504920267704,Marketing,0,5.1105753359725625,0
1955,34,51065.08058934762,HR,9,3.963075538072551,0
1956,46,80616.57139756226,Sales,10,1.4723353908975483,0
1957,38,27964.886790319568,IT,3,5.052126580053556,0
1958,39,107066.22800489991,Sales,0,3.2927383660304694,0
1959,40,75840.85213599078,Sales,5,4.166963509123058,0
1960,39,63348.5837119374,Sales,1,7.350537743058637,0
1961,41,59176.5899907557,IT,1,5.693958855198704,0
1962,48,64283.311122864856,IT,3,2.12182686093532,0
1963,36,67816.83642569007,Finance,4,9.652730863812751,1
1964,42,69678.23378925085,HR,7,6.723196891387645,0
1965,34,68334.06699005172,HR,10,7.892815830962784,1
1966,49,61343.71021882873,Finance,8,1.7129183500753373,0
1967,28,,?,2,1.42352541514017,0
1968,53,57730.90074519732,Sales,2,1.1750324533127305,0
1969,34,57076.375794709784,Finance,13,2.699146249961,0
1970,20,77006.55145300596,Marketing,8,4.7296755794664564,0
1971,36,68903.35083421294,HR,13,9.422435200625406,1
1972,28,15894.170480035798,Finance,5,5.113536933391987,0
1973,43,69838.51164794642,Marketing,9,3.612295948352765,0
1974,28,62921.04292078162,Marketing,7,6.05741728167697,0
1975,30,59719.36865331154,Marketing,4,2.007411203213103,0
1976,16,,Marketing,7,6.485553019044849,0
1977,30,76861.6907997902,Sales,7,6.115887588974529,0
1978,10,74212.89693184287,Marketing,3,8.127937300651388,1
1979,19,48406.834982645865,Sales,4,9.880188504553217,1
1980,42,66105.78430686802,Sales,11,3.2578612454449947,0
1981,42,45425.14898188071,Marketing,13,5.586908057233845,0
1982,39,,HR,5,9.179788656871033,1
1983,25,50599.24163115052,Marketing,4,8.066708959805572,1
1984,34,72935.90208574139,Marketing,2,5.386656727907268,0
1985,34,74296.8756806413,Marketing,10,9.508344846533001,1
1986,23,67696.2813014594,HR,4,1.5151302416512844,0
1987,50,70876.43680271995,IT,14,9.378987577413255,1
1988,43,67742.67430672438,IT,4,1.454566531445259,0
1989,32,50377.77607165572,Sales,5,5.925742697032159,0
1990,35,66478.83817010911,Sales,9,9.013968532009772,1
1991,37,72006.14287841524,HR,12,3.3644884920517253,0
1992,14,71314.36994720361,Finance,7,5.250236490506427,0
1993,32,77833.70057211965,?,6,3.9189599122326997,0
1994,28,70624.55770801596,Sales,14,9.569295253687162,1
1995,24,65271.72311312374,IT,0,8.412810352777818,0
1996,32,76052.25357474641,HR,13,7.381013601937416,1
1997,52,59602.1811112641,HR,2,6.288642879535979,0
1998,41,46771.88023158423,Finance,11,8.385326103917333,1
1999,29,,Finance,9,4.530403373711923,0
2000,40,48826.46032790326,HR,5,5.027966695954557,0
1397,17,39793.10565705455,HR,14,8.758685283189372,1
1321,35,60849.74887345661,Marketing,7,6.624817735384317,0
1276,39,62125.753704598574,Sales,2,8.42690234133668,0
1358,32,65877.0600810382,Marketing,12,9.798309643105389,1
1864,52,33772.02040142729,Finance,12,,0
1518,25,69462.17526832166,Sales,9,8.676337454691232,1
1835,34,50813.43938039343,Finance,12,9.959598712142798,1
1733,39,59708.70591168401,HR,2,1.6274748325035653,0
1892,40,60096.33404716407,Marketing,5,9.318786103473021,1
1070,28,65197.55822596073,IT,1,5.064090279450176,0
1370,27,46727.95928959649,Marketing,4,2.0969927427904342,0
1644,19,66785.57694374601,Marketing,0,3.697018154573417,0
1153,28,50415.57378465746,Sales,13,3.194217439391616,0
1462,35,41635.526455659514,Finance,1,,0
1490,43,78938.76155140773,Marketing,13,1.1294311238573767,0
1782,21,58753.41641056958,Marketing,8,9.939386767867719,1
1291,32,65828.67906796446,Finance,8,5.913311799781,0
1461,54,57923.16024024339,Finance,5,8.27079081115583,1
1467,41,85048.56756527109,IT,10,9.944055778403548,1
1738,44,43982.9561763121,Finance,7,8.527740369218709,1
1869,41,43635.50354677203,?,10,3.1202940542020974,0
1978,10,74212.89693184287,Marketing,3,8.127937300651388,1
1016,29,62968.66175193972,Sales,11,4.970354970075691,0
1917,41,48183.24372137642,IT,4,5.20190289210794,0
1006,32,65902.28078132625,Finance,9,6.4933974578649485,0
1075,-999,74944.0022917071,Sales,12,7.125023456011913,1
1766,27,47351.30107025713,IT,8,4.4459483255576515,0
1250,39,,IT,7,9.38528176313052,1
1752,21,70168.12979296362,HR,0,5.278472698199342,0
1058,-999,77590.93528889047,Marketing,6,2.816576518273823,0
1356,24,21134.365617826348,Marketing,3,8.771361475322038,1
1504,40,59949.38313883572,Marketing,2,6.892528136485987,0
1386,36,64489.38870609738,Finance,5,1.414567573137797,0
1715,34,51970.07721069116,Marketing,14,2.6540619859711105,0
1287,33,32456.919403450553,HR,14,8.311516517675358,1
